,cluster_node_id,parent_cluster_node_id
0,0,165
1,1,115
2,2,128
3,3,190
4,4,117
5,5,130
6,6,105
7,7,161
8,8,153
9,9,135
10,10,146
11,11,101
12,12,129
13,13,113
14,14,145
15,15,133
16,16,103
17,17,106
18,18,109
19,19,114
20,20,125
21,21,140
22,22,131
23,23,119
24,24,170
25,25,145
26,26,110
27,27,112
28,28,198
29,29,126
30,30,183
31,31,134
32,32,100
33,33,151
34,34,191
35,35,143
36,36,189
37,37,154
38,38,137
39,39,103
40,40,122
41,41,184
42,42,125
43,43,150
44,44,148
45,45,111
46,46,192
47,47,182
48,48,172
49,49,139
50,50,179
51,51,135
52,52,144
53,53,101
54,54,123
55,55,108
56,56,119
57,57,121
58,58,195
59,59,168
60,60,188
61,61,173
62,62,164
63,63,104
64,64,134
65,65,153
66,66,184
67,67,108
68,68,100
69,69,118
70,70,159
71,71,107
72,72,143
73,73,106
74,74,162
75,75,117
76,76,141
77,77,180
78,78,102
79,79,122
80,80,132
81,81,136
82,82,127
83,83,138
84,84,127
85,85,105
86,86,178
87,87,177
88,88,131
89,89,174
90,90,186
91,91,195
92,92,118
93,93,140
94,94,197
95,95,139
96,96,113
97,97,181
98,98,120
99,99,142
100,100,102
101,101,107
102,102,109
103,103,104
104,104,110
105,105,146
106,106,112
107,107,154
108,108,116
109,109,111
110,110,149
111,111,114
112,112,116
113,113,166
114,114,115
115,115,121
116,116,120
117,117,132
118,118,124
119,119,128
120,120,123
121,121,133
122,122,129
123,123,124
124,124,126
125,125,157
126,126,130
127,127,186
128,128,136
129,129,166
130,130,137
131,131,144
132,132,147
133,133,138
134,134,156
135,135,159
136,136,141
137,137,142
138,138,185
139,139,171
140,140,160
141,141,161
142,142,148
143,143,152
144,144,151
145,145,147
146,146,149
147,147,155
148,148,156
149,149,150
150,150,152
151,151,158
152,152,155
153,153,175
154,154,194
155,155,158
156,156,157
157,157,163
158,158,160
159,159,163
160,160,162
161,161,165
162,162,164
163,163,167
164,164,168
165,165,175
166,166,167
167,167,169
168,168,169
169,169,170
170,170,171
171,171,172
172,172,173
173,173,174
174,174,176
175,175,176
176,176,177
177,177,178
178,178,179
179,179,180
180,180,181
181,181,182
182,182,183
183,183,185
184,184,187
185,185,187
186,186,193
187,187,188
188,188,189
189,189,190
190,190,191
191,191,192
192,192,193
193,193,194
194,194,196
195,195,196
196,196,197
197,197,198
198,198,-1
